[
	{
		"sno": "2",
		"state_name": "Andaman and Nicobar Islands",
		"active": "1154",
		"positive": "2306",
		"cured": "1128",
		"death": "24",
		"new_active": "1145",
		"new_positive": "2399",
		"new_cured": "1226",
		"new_death": "28",
		"state_code": "35"
	},
	{
		"sno": "1",
		"state_name": "Andhra Pradesh",
		"active": "88138",
		"positive": "281817",
		"cured": "191117",
		"death": "2562",
		"new_active": "85945",
		"new_positive": "289829",
		"new_cured": "201234",
		"new_death": "2650",
		"state_code": "28"
	},
	
	{
		"sno": "3",
		"state_name": "Arunachal Pradesh",	
		"active": "882",
		"positive": "2658",
		"cured": "1771",
		"death": "5",
		"new_active": "888",
		"new_positive": "2701",
		"new_cured": "1808",
		"new_death": "5",
		"state_code": "12"
	},
	{
		"sno": "4",
		"state_name": "Assam",
		"active": "22090",
		"positive": "75558",
		"cured": "53286",
		"death": "182",
		"new_active": "21471",
		"new_positive": "76875",
		"new_cured": "55215",
		"new_death": "189",
		"state_code": "18"
	},
	{
		"sno": "5",
		"state_name": "Bihar",
		"active": "32591",
		"positive": "101551",
		"cured": "68510",
		"death": "450",
		"new_active": "31059",
		"new_positive": "103844",
		"new_cured": "72324",
		"new_death": "461",
		"state_code": "10"
	},
	{
		"sno": "6",
		"state_name": "Chandigarh",
		"active": "863",
		"positive": "2009",
		"cured": "1118",
		"death": "28",
		"new_active": "936",
		"new_positive": "2102",
		"new_cured": "1137",
		"new_death": "29",
		"state_code": "04"
	},
	{
		"sno": "7",
		"state_name": "Chhattisgarh",
		"active": "4807",
		"positive": "14987",
		"cured": "10046",
		"death": "134",
		"new_active": "5095",
		"new_positive": "15471",
		"new_cured": "10235",
		"new_death": "141",
		"state_code": "22"
	},
	{
		"sno": "8",
		"state_name": "Dadra and Nagar Haveli and Daman and Diu",
		"active": "457",
		"positive": "1843",
		"cured": "1384",
		"death": "2",
		"new_active": "445",
		"new_positive": "1878",
		"new_cured": "1431",
		"new_death": "2",
		"state_code": "26"
	},
	
	{
		"sno": "10",
		"state_name": "Delhi",
		"active": "11489",
		"positive": "151928",
		"cured": "136251",
		"death": "4188",
		"new_active": "10823",
		"new_positive": "152580",
		"new_cured": "137561",
		"new_death": "4196",
		"state_code": "07"
	},
	{
		"sno": "11",
		"state_name": "Goa",
		"active": "3753",
		"positive": "11339",
		"cured": "7488",
		"death": "98",
		"new_active": "3760",
		"new_positive": "11639",
		"new_cured": "7775",
		"new_death": "104",
		"state_code": "30"
	},
	{
		"sno": "12",
		"state_name": "Gujarat",
		"active": "14241",
		"positive": "77559",
		"cured": "60553",
		"death": "2765",
		"new_active": "14383",
		"new_positive": "78680",
		"new_cured": "61512",
		"new_death": "2785",
		"state_code": "24"
	},
	{
		"sno": "13",
		"state_name": "Haryana",
		"active": "6943",
		"positive": "46410",
		"cured": "38939",
		"death": "528",
		"new_active": "7014",
		"new_positive": "47153",
		"new_cured": "39601",
		"new_death": "538",
		"state_code": "06"
	},
	{
		"sno": "14",
		"state_name": "Himachal Pradesh",
		"active": "1342",
		"positive": "3993",
		"cured": "2632",
		"death": "19",
		"new_active": "1417",
		"new_positive": "4156",
		"new_cured": "2720",
		"new_death": "19",
		"state_code": "02"
	},
	{
		"sno": "15",
		"state_name": "Jammu and Kashmir",
		"active": "6818",
		"positive": "28021",
		"cured": "20676",
		"death": "527",
		"new_active": "6985",
		"new_positive": "28470",
		"new_cured": "20943",
		"new_death": "542",
		"state_code": "01"
	},
	{
		"sno": "16",
		"state_name": "Jharkhand",
		"active": "8137",
		"positive": "22389",
		"cured": "14024",
		"death": "228",
		"new_active": "8112",
		"new_positive": "23055",
		"new_cured": "14699",
		"new_death": "244",
		"state_code": "20"
	},
	{
		"sno": "17",
		"state_name": "Karnataka",
		"active": "81284",
		"positive": "219926",
		"cured": "134811",
		"death": "3831",
		"new_active": "81528",
		"new_positive": "226966",
		"new_cured": "141491",
		"new_death": "3947",
		"state_code": "29"
	},
	{
		"sno": "18",
		"state_name": "Kerala",
		"active": "14944",
		"positive": "42885",
		"cured": "27795",
		"death": "146",
		"new_active": "15365",
		"new_positive": "44415",
		"new_cured": "28894",
		"new_death": "156",
		"state_code": "32"
	},
	{
		"sno": "19",
		"state_name": "Ladakh",
		"active": "592",
		"positive": "1909",
		"cured": "1307",
		"death": "10",
		"new_active": "578",
		"new_positive": "1948",
		"new_cured": "1356",
		"new_death": "14",
		"state_code": "37"
	},
		{
		"sno": "20",
		"state_name": "Lakshadweep",
		"active": "0",
		"positive": "0",
		"cured": "0",
		"death": "0",
		"new_active": "0",
		"new_positive": "0",
		"new_cured": "0",
		"new_death": "0",
		"state_code": "31"
	},
	{
		"sno": "21",
		"state_name": "Madhya Pradesh",
		"active": "9986",
		"positive": "44433",
		"cured": "33353",
		"death": "1094",
		"new_active": "10312",
		"new_positive": "45455",
		"new_cured": "34038",
		"new_death": "1105",
		"state_code": "23"
	},
	{
		"sno": "22",
		"state_name": "Maharashtra",
		"active": "156719",
		"positive": "584754",
		"cured": "408286",
		"death": "19749",
		"new_active": "158705",
		"new_positive": "595865",
		"new_cured": "417123",
		"new_death": "20037",
		"state_code": "27"
	},
	{
		"sno": "23",
		"state_name": "Manipur",
		"active": "1939",
		"positive": "4390",
		"cured": "2438",
		"death": "13",
		"new_active": "1921",
		"new_positive": "4569",
		"new_cured": "2632",
		"new_death": "16",
		"state_code": "14"
	},
		{
		"sno": "24",
		"state_name": "Meghalaya",
		"active": "690",
		"positive": "1292",
		"cured": "596",
		"death": "6",
		"new_active": "693",
		"new_positive": "1374",
		"new_cured": "675",
		"new_death": "6",
		"state_code": "17"
	},
	{
		"sno": "25",
		"state_name": "Mizoram",
		"active": "421",
		"positive": "777",
		"cured": "356",
		"death": "0",
		"new_active": "418",
		"new_positive": "789",
		"new_cured": "371",
		"new_death": "0",
		"state_code": "15"
	},
		{
		"sno": "26",
		"state_name": "Nagaland",
		"active": "2011",
		"positive": "3340",
		"cured": "1321",
		"death": "8",
		"new_active": "1964",
		"new_positive": "3394",
		"new_cured": "1422",
		"new_death": "8",
		"state_code": "13"
	},
	{
		"sno": "27",
		"state_name": "Odisha",
		"active": "16066",
		"positive": "57126",
		"cured": "40727",
		"death": "333",
		"new_active": "17430",
		"new_positive": "60050",
		"new_cured": "42277",
		"new_death": "343",
		"state_code": "21"
	},
	{
		"sno": "28",
		"state_name": "Puducherry",
		"active": "3024",
		"positive": "7354",
		"cured": "4224",
		"death": "106",
		"new_active": "3179",
		"new_positive": "7732",
		"new_cured": "4443",
		"new_death": "110",
		"state_code": "34"
	},
	{
		"sno": "29",
		"state_name": "Punjab",
		"active": "10407",
		"positive": "30041",
		"cured": "18863",
		"death": "771",
		"new_active": "10963",
		"new_positive": "31206",
		"new_cured": "19431",
		"new_death": "812",
		"state_code": "03"
	},
	{
		"sno": "30",
		"state_name": "Rajasthan",
		"active": "13863",
		"positive": "59979",
		"cured": "45254",
		"death": "862",
		"new_active": "13816",
		"new_positive": "61296",
		"new_cured": "46604",
		"new_death": "876",
		"state_code": "08"
	},
		{
		"sno": "31",
		"state_name": "Sikkim",
		"active": "486",
		"positive": "1148",
		"cured": "661",
		"death": "1",
		"new_active": "493",
		"new_positive": "1167",
		"new_cured": "673",
		"new_death": "1",
		"state_code": "11"
	},
	{
		"sno": "32",
		"state_name": "Tamil Nadu",
		"active": "54213",
		"positive": "332105",
		"cured": "272251",
		"death": "5641",
		"new_active": "54019",
		"new_positive": "338055",
		"new_cured": "278270",
		"new_death": "5766",
		"state_code": "33"
	},
	{
		"sno": "34",
		"state_name": "Telengana",
		"active": "22542",
		"positive": "91361",
		"cured": "68126",
		"death": "693",
		"new_active": "21420",
		"new_positive": "92255",
		"new_cured": "70132",
		"new_death": "703",
		"state_code": "36"
	},
	{
		"sno": "33",
		"state_name": "Tripura",
		"active": "1855",
		"positive": "7061",
		"cured": "5151",
		"death": "55",
		"new_active": "1859",
		"new_positive": "7204",
		"new_cured": "5286",
		"new_death": "59",
		"state_code": "16"
	},
	
	{
		"sno": "35",
		"state_name": "Uttarakhand",
		"active": "4041",
		"positive": "11940",
		"cured": "7748",
		"death": "151",
		"new_active": "3923",
		"new_positive": "12175",
		"new_cured": "8100",
		"new_death": "152",
		"state_code": "05"
	},
	{
		"sno": "36",
		"state_name": "Uttar Pradesh",
		"active": "51437",
		"positive": "150061",
		"cured": "96231",
		"death": "2393",
		"new_active": "51537",
		"new_positive": "154418",
		"new_cured": "100432",
		"new_death": "2449",
		"state_code": "09"
	},
	{
		"sno": "37",
		"state_name": "West Bengal",
		"active": "27219",
		"positive": "113432",
		"cured": "83836",
		"death": "2377",
		"new_active": "27299",
		"new_positive": "116498",
		"new_cured": "86771",
		"new_death": "2428",
		"state_code": "19"
	},
	
	{	
		"sno":"11111",
		"state_name":"",
		"active": "677444",
		"positive": "2589682",
		"cured": "1862258",
		"death": "49980",
		"new_active": "676900",
		"new_positive": "2647663",
		"new_cured": "1919842",
		"new_death": "50921",
		"state_code": ""
		}

]